{
  "xgboost_importance": {
    "score_percentage": {
      "mean": 0.42118993401527405,
      "rank": 1
    },
    "hard_question_accuracy": {
      "mean": 0.1532915234565735,
      "rank": 2
    },
    "hint_usage_percentage": {
      "mean": 0.12676893174648285,
      "rank": 3
    },
    "avg_confidence": {
      "mean": 0.09586493670940399,
      "rank": 4
    },
    "answer_changes_rate": {
      "mean": 0.02209203876554966,
      "rank": 11
    },
    "tab_switches_rate": {
      "mean": 0.028612466529011726,
      "rank": 8
    },
    "avg_time_per_question": {
      "mean": 0.03370166942477226,
      "rank": 5
    },
    "review_percentage": {
      "mean": 0.028185011819005013,
      "rank": 9
    },
    "avg_first_action_latency": {
      "mean": 0.030161669477820396,
      "rank": 7
    },
    "clicks_per_question": {
      "mean": 0.03248298913240433,
      "rank": 6
    },
    "performance_trend": {
      "mean": 0.02764873206615448,
      "rank": 10
    }
  },
  "permutation_importance": {
    "score_percentage": {
      "mean": 0.40325000000000005,
      "std": 0.02326612344160496,
      "rank": 1
    },
    "hard_question_accuracy": {
      "mean": 0.164,
      "std": 0.012103718436910198,
      "rank": 2
    },
    "hint_usage_percentage": {
      "mean": 0.12675000000000003,
      "std": 0.008591420138719798,
      "rank": 3
    },
    "avg_confidence": {
      "mean": 0.08050000000000004,
      "std": 0.008573214099741112,
      "rank": 4
    },
    "answer_changes_rate": {
      "mean": 0.002000000000000024,
      "std": 0.002449489742783196,
      "rank": 7
    },
    "tab_switches_rate": {
      "mean": 0.0042500000000000315,
      "std": 0.003172144385112385,
      "rank": 6
    },
    "avg_time_per_question": {
      "mean": -0.0027499999999999747,
      "std": 0.003614208073700245,
      "rank": 11
    },
    "review_percentage": {
      "mean": 0.007250000000000034,
      "std": 0.0017500000000000055,
      "rank": 5
    },
    "avg_first_action_latency": {
      "mean": -0.00024999999999997247,
      "std": 0.002358495283014162,
      "rank": 9
    },
    "clicks_per_question": {
      "mean": 0.0017500000000000072,
      "std": 0.0022500000000000037,
      "rank": 8
    },
    "performance_trend": {
      "mean": -0.0004999999999999782,
      "std": 0.0026925824035672484,
      "rank": 10
    }
  }
}