{
  "xgboost_importance": {
    "score_percentage": {
      "mean": 0.3982795774936676,
      "rank": 1
    },
    "hard_question_accuracy": {
      "mean": 0.15284119546413422,
      "rank": 2
    },
    "hint_usage_percentage": {
      "mean": 0.13259868323802948,
      "rank": 3
    },
    "avg_confidence": {
      "mean": 0.10211174935102463,
      "rank": 4
    },
    "answer_changes_rate": {
      "mean": 0.0250821765512228,
      "rank": 11
    },
    "tab_switches_rate": {
      "mean": 0.030630530789494514,
      "rank": 8
    },
    "avg_time_per_question": {
      "mean": 0.03212562948465347,
      "rank": 6
    },
    "review_percentage": {
      "mean": 0.027662256732583046,
      "rank": 9
    },
    "avg_first_action_latency": {
      "mean": 0.031597260385751724,
      "rank": 7
    },
    "clicks_per_question": {
      "mean": 0.040085311979055405,
      "rank": 5
    },
    "performance_trend": {
      "mean": 0.02698563039302826,
      "rank": 10
    }
  },
  "permutation_importance": {
    "score_percentage": {
      "mean": 0.394,
      "std": 0.019627786426390532,
      "rank": 1
    },
    "hard_question_accuracy": {
      "mean": 0.16749999999999995,
      "std": 0.013919410907075044,
      "rank": 2
    },
    "hint_usage_percentage": {
      "mean": 0.123,
      "std": 0.011169153951844363,
      "rank": 3
    },
    "avg_confidence": {
      "mean": 0.07225,
      "std": 0.008764274071479054,
      "rank": 4
    },
    "answer_changes_rate": {
      "mean": 0.0002499999999999947,
      "std": 0.0007499999999999841,
      "rank": 9
    },
    "tab_switches_rate": {
      "mean": 0.0029999999999999693,
      "std": 0.0021794494717703333,
      "rank": 6
    },
    "avg_time_per_question": {
      "mean": -0.002000000000000024,
      "std": 0.0033166247903553977,
      "rank": 11
    },
    "review_percentage": {
      "mean": 0.0012499999999999623,
      "std": 0.0016770509831248311,
      "rank": 8
    },
    "avg_first_action_latency": {
      "mean": 0.0022499999999999964,
      "std": 0.0023584952830141524,
      "rank": 7
    },
    "clicks_per_question": {
      "mean": 0.0029999999999999805,
      "std": 0.0043011626335213195,
      "rank": 5
    },
    "performance_trend": {
      "mean": -0.0010000000000000453,
      "std": 0.004898979485566363,
      "rank": 10
    }
  }
}