{
  "training_accuracy": 1.0,
  "test_accuracy": 0.9075,
  "overfitting_gap": 0.09250000000000003,
  "precision_macro": 0.9145314500712839,
  "recall_macro": 0.8850770288699351,
  "f1_macro": 0.8987099375850758,
  "f1_weighted": 0.9067421323774616,
  "cv_mean": 0.905,
  "cv_std": 0.019748417658131515,
  "per_class": {
    "at_risk": {
      "precision": 0.95,
      "recall": 0.8636363636363636,
      "f1": 0.9047619047619048
    },
    "developing": {
      "precision": 0.9175257731958762,
      "recall": 0.9368421052631579,
      "f1": 0.9270833333333334
    },
    "proficient": {
      "precision": 0.9065420560747663,
      "recall": 0.9371980676328503,
      "f1": 0.9216152019002375
    },
    "advanced": {
      "precision": 0.8840579710144928,
      "recall": 0.8026315789473685,
      "f1": 0.8413793103448276
    }
  },
  "confusion_matrix": [
    [
      19,
      3,
      0,
      0
    ],
    [
      1,
      89,
      5,
      0
    ],
    [
      0,
      5,
      194,
      8
    ],
    [
      0,
      0,
      15,
      61
    ]
  ]
}