{
  "training_accuracy": 1.0,
  "test_accuracy": 0.91,
  "overfitting_gap": 0.08999999999999997,
  "precision_macro": 0.9256195949577368,
  "recall_macro": 0.9006041536647944,
  "f1_macro": 0.9123689810367441,
  "f1_weighted": 0.9097266993689692,
  "cv_mean": 0.906,
  "cv_std": 0.01920937271229856,
  "per_class": {
    "at_risk": {
      "precision": 1.0,
      "recall": 0.9090909090909091,
      "f1": 0.9523809523809523
    },
    "developing": {
      "precision": 0.9175257731958762,
      "recall": 0.9368421052631579,
      "f1": 0.9270833333333334
    },
    "proficient": {
      "precision": 0.909952606635071,
      "recall": 0.927536231884058,
      "f1": 0.9186602870813397
    },
    "advanced": {
      "precision": 0.875,
      "recall": 0.8289473684210527,
      "f1": 0.8513513513513513
    }
  },
  "confusion_matrix": [
    [
      20,
      2,
      0,
      0
    ],
    [
      0,
      89,
      6,
      0
    ],
    [
      0,
      6,
      192,
      9
    ],
    [
      0,
      0,
      13,
      63
    ]
  ]
}